{"cameraMode":{"drawMode":0,"name":"Shaded","section":"Shading Mode"},"sceneLighting":false,"audioPlay":false,"sceneViewState":{"m_AlwaysRefresh":false,"showFog":true,"showSkybox":false,"showFlares":true,"showImageEffects":true,"showParticleSystems":true,"showVisualEffectGraphs":true,"m_FxEnabled":true},"in2DMode":false,"pivot":{"x":0.000050067901611328125,"y":1.6206641362259689e-8,"z":-0.13595116138458253},"rotation":{"x":0.5350808501243591,"y":-0.0015118899755179883,"z":0.0009768293239176274,"w":0.8448085784912109},"size":1.7618926763534547,"orthographic":true}