{"cameraMode":{"drawMode":0,"name":"Shaded","section":"Shading Mode"},"sceneLighting":true,"audioPlay":false,"sceneViewState":{"m_AlwaysRefresh":false,"showFog":true,"showSkybox":true,"showFlares":true,"showImageEffects":true,"showParticleSystems":true,"showVisualEffectGraphs":true,"m_FxEnabled":true},"in2DMode":false,"pivot":{"x":44.27387619018555,"y":2.7101898193359377,"z":22.57223129272461},"rotation":{"x":0.6620951890945435,"y":0.0009123305208049715,"z":-0.0007803144981153309,"w":0.7494372129440308},"size":33.725799560546878,"orthographic":true}