{"cameraMode":{"drawMode":0,"name":"Shaded","section":"Shading Mode"},"sceneLighting":true,"audioPlay":false,"sceneViewState":{"m_AlwaysRefresh":false,"showFog":true,"showSkybox":true,"showFlares":true,"showImageEffects":true,"showParticleSystems":true,"showVisualEffectGraphs":true,"m_FxEnabled":true},"in2DMode":false,"pivot":{"x":17.30828094482422,"y":26.806537628173829,"z":1.4726324081420899},"rotation":{"x":0.5350808501243591,"y":-0.0015118899755179883,"z":0.0009768293239176274,"w":0.8448085784912109},"size":28.77536964416504,"orthographic":true}