{"cameraMode":{"drawMode":0,"name":"Shaded","section":"Shading Mode"},"sceneLighting":true,"audioPlay":false,"sceneViewState":{"m_AlwaysRefresh":false,"showFog":true,"showSkybox":true,"showFlares":true,"showImageEffects":true,"showParticleSystems":true,"showVisualEffectGraphs":true,"m_FxEnabled":true},"in2DMode":false,"pivot":{"x":79.6664047241211,"y":147.89727783203126,"z":-53.948177337646487},"rotation":{"x":0.45083245635032656,"y":0.007527092006057501,"z":-0.0037349278572946789,"w":0.8926082849502564},"size":60.8304557800293,"orthographic":true}