{"cameraMode":{"drawMode":0,"name":"Shaded","section":"Shading Mode"},"sceneLighting":true,"audioPlay":false,"sceneViewState":{"m_AlwaysRefresh":false,"showFog":true,"showSkybox":true,"showFlares":true,"showImageEffects":true,"showParticleSystems":true,"showVisualEffectGraphs":true,"m_FxEnabled":true},"in2DMode":false,"pivot":{"x":9.863276481628418,"y":-4.500910758972168,"z":15.000653266906739},"rotation":{"x":0.4968053102493286,"y":0.000007652293788851239,"z":0.000014079171705816407,"w":0.8678917288780212},"size":23.007413864135743,"orthographic":true}