{"cameraMode":{"drawMode":0,"name":"Shaded","section":"Shading Mode"},"sceneLighting":true,"audioPlay":false,"sceneViewState":{"m_AlwaysRefresh":false,"showFog":true,"showSkybox":true,"showFlares":true,"showImageEffects":true,"showParticleSystems":true,"showVisualEffectGraphs":true,"m_FxEnabled":true},"in2DMode":false,"pivot":{"x":17.30828094482422,"y":26.806537628173829,"z":1.4726324081420899},"rotation":{"x":0.40556150674819949,"y":0.006587974727153778,"z":-0.0029063397087156774,"w":0.9140528440475464},"size":25.623111724853517,"orthographic":true}