{"cameraMode":{"drawMode":0,"name":"Shaded","section":"Shading Mode"},"sceneLighting":true,"audioPlay":false,"sceneViewState":{"m_AlwaysRefresh":false,"showFog":true,"showSkybox":true,"showFlares":true,"showImageEffects":true,"showParticleSystems":true,"showVisualEffectGraphs":true,"m_FxEnabled":true},"in2DMode":false,"pivot":{"x":9.863276481628418,"y":-4.500910758972168,"z":15.000653266906739},"rotation":{"x":0.323464572429657,"y":0.00994038674980402,"z":-0.003381334710866213,"w":0.9462078213691711},"size":23.007413864135743,"orthographic":true}