{"cameraMode":{"drawMode":0,"name":"Shaded","section":"Shading Mode"},"sceneLighting":true,"audioPlay":false,"sceneViewState":{"m_AlwaysRefresh":false,"showFog":true,"showSkybox":true,"showFlares":true,"showImageEffects":true,"showParticleSystems":true,"showVisualEffectGraphs":true,"m_FxEnabled":true},"in2DMode":false,"pivot":{"x":19.53494644165039,"y":8.181943893432618,"z":15.596694946289063},"rotation":{"x":0.487393856048584,"y":-0.0028737077955156566,"z":0.0016213397029787303,"w":0.8731897473335266},"size":30.775358200073243,"orthographic":true}